{"format": "layers-model", "generatedBy": null, "convertedBy": "TensorFlow.js Converter v4.20.0", "modelTopology": null, "weightsManifest": [{"paths": ["group1-shard1of1.bin"], "weights": [{"name": "dense/kernel", "shape": [3, 64], "dtype": "float32"}, {"name": "dense/bias", "shape": [64], "dtype": "float32"}, {"name": "dense_1/kernel", "shape": [64, 64], "dtype": "float32"}, {"name": "dense_1/bias", "shape": [64], "dtype": "float32"}, {"name": "dense_2/kernel", "shape": [64, 4], "dtype": "float32"}, {"name": "dense_2/bias", "shape": [4], "dtype": "float32"}]}]}